name,games,win_percent,score_avg,goal_avg,assist_avg,save_avg,shot_avg,shot_percent,goal_participation_percent,overall_rating_avg

2Die4,80,67.50%,491.24,1.35,0.85,1.75,3.40,39.71%,73.64%,1.418

ReaLize,111,75.68%,446.88,1.21,0.85,1.23,3.45,34.99%,72.15%,1.314

trk511,107,81.31%,444.15,1.14,0.77,1.61,3.82,29.83%,61.82%,1.290

Darth.,79,83.54%,414.86,1.25,0.76,1.06,3.90,32.14%,59.77%,1.277

Hawk,189,58.73%,455.52,1.24,0.56,1.55,3.89,31.79%,72.65%,1.276

Snowyy,92,81.52%,439.33,1.08,0.93,1.38,3.32,32.46%,59.11%,1.273

Gon,57,63.16%,419.42,1.09,0.93,1.09,3.19,34.07%,72.33%,1.255

oKhaliD,87,86.21%,440.78,1.01,0.80,1.63,3.05,33.21%,55.05%,1.254

YoPeGo,75,48.00%,437.91,1.21,0.52,1.49,3.23,37.60%,67.36%,1.251

EliakimZA,56,55.36%,468.66,0.89,0.71,2.16,3.05,29.24%,66.18%,1.232

LCT,133,72.93%,403.21,1.17,0.67,1.08,3.44,34.06%,64.99%,1.223

Olympic.,71,52.11%,449.34,1.04,0.59,1.92,3.04,34.26%,71.60%,1.222

Gambit,66,66.67%,285.38,1.23,0.82,1.20,3.58,34.32%,63.08%,1.222

Archie,468,56.20%,474.08,0.84,0.67,2.21,3.52,23.83%,71.60%,1.217

T7LM,51,58.82%,446.08,0.98,0.61,1.57,4.29,22.83%,72.32%,1.216

Maxeew,111,79.28%,418.31,0.95,0.93,1.20,3.25,29.36%,63.72%,1.215

Nemoto,90,64.44%,423.47,1.02,0.80,1.41,3.17,32.28%,64.82%,1.211

popo,90,64.44%,420.20,0.97,0.92,1.20,3.24,29.79%,67.19%,1.210

Night.,80,56.25%,441.41,1.02,0.50,1.96,3.44,29.82%,63.21%,1.187

Seikoo,135,57.78%,439.76,0.96,0.53,1.84,3.64,26.22%,72.99%,1.186

Smw.,77,64.94%,429.47,0.96,0.65,1.70,3.52,27.31%,62.31%,1.178

EclaiL,58,37.93%,415.67,1.14,0.48,1.29,3.72,30.56%,78.33%,1.178

Firstkiller,547,55.39%,460.23,0.85,0.58,2.02,3.37,25.20%,68.81%,1.171

caard,876,66.44%,429.33,0.94,0.63,1.63,3.38,27.96%,63.16%,1.170

M7sN,94,56.38%,431.91,0.85,0.66,1.98,3.37,25.24%,65.44%,1.167

Siki,601,59.57%,407.61,0.98,0.69,1.48,3.52,27.85%,64.57%,1.166

Ronaky,438,51.60%,422.09,0.99,0.52,1.68,3.53,28.11%,70.44%,1.164

Ahmad,107,81.31%,386.64,0.99,0.82,1.05,3.30,30.03%,58.79%,1.158

kamz,80,67.50%,406.18,0.88,0.85,1.49,3.13,28.00%,57.74%,1.156

math,371,58.76%,430.83,0.95,0.59,1.58,3.62,26.14%,67.81%,1.151

justin.,869,65.13%,432.34,0.85,0.61,1.90,3.42,24.77%,65.58%,1.149

Burn,84,61.90%,408.65,1.11,0.52,1.13,3.80,29.15%,66.18%,1.148

M0nkey M00n,525,66.67%,451.40,0.77,0.65,2.05,3.40,22.51%,65.67%,1.148

Krilin,65,53.85%,422.74,1.00,0.52,1.77,3.22,31.10%,65.13%,1.145

CAiOTG1,891,66.22%,408.73,0.93,0.68,1.44,3.32,28.10%,64.27%,1.144

CJCJ,741,64.78%,382.85,0.98,0.71,1.24,3.47,28.23%,64.18%,1.139

Cypso,76,52.63%,422.28,0.88,0.63,1.89,2.75,32.06%,65.71%,1.138

Amphis,592,68.24%,402.78,0.93,0.70,1.35,3.11,29.72%,61.94%,1.137

SkillSteal,92,81.52%,366.90,1.14,0.68,0.84,3.58,31.91%,53.67%,1.137

Twiz,77,64.94%,406.69,0.97,0.64,1.39,3.10,31.38%,62.31%,1.136

Rushil_Y,75,53.33%,382.76,1.09,0.60,1.08,3.32,32.93%,65.80%,1.135

DarkFire,97,54.64%,253.92,1.01,0.71,1.29,2.63,38.43%,68.44%,1.131

Drippay,679,61.86%,369.79,0.96,0.63,1.41,3.33,28.82%,64.65%,1.129

Talal.,76,46.05%,401.79,1.04,0.49,1.38,3.57,29.15%,66.29%,1.128

M3L0DY,80,56.25%,405.91,0.86,0.76,1.48,3.14,27.49%,66.67%,1.128

Werty,93,60.22%,384.17,0.96,0.71,1.41,2.88,33.21%,62.25%,1.128

Mr.Low,62,43.55%,408.15,0.81,0.56,1.84,2.97,27.17%,65.89%,1.127

SchalkG,93,60.22%,385.23,0.89,0.71,1.38,2.88,30.97%,59.84%,1.121

Suspect,73,50.68%,410.00,0.82,0.66,1.88,3.04,27.03%,67.92%,1.117

Kaotik,73,61.64%,411.07,1.08,0.40,1.51,3.48,31.10%,62.43%,1.107

Torsos,903,68.33%,376.87,0.90,0.67,1.36,2.93,30.67%,61.19%,1.103

Rxii,54,46.30%,417.44,0.76,0.52,2.19,2.63,28.87%,61.61%,1.102

Ficeo,63,60.32%,404.44,0.73,0.81,1.76,2.70,27.06%,58.43%,1.101

nxghtt,95,63.16%,385.55,0.89,0.61,1.45,3.19,28.05%,60.85%,1.098

JKnaps,804,59.33%,379.84,0.82,0.66,1.45,3.46,23.65%,68.00%,1.097

AtomiK,453,52.98%,419.21,0.83,0.49,1.85,3.50,23.67%,65.14%,1.095

Alpha54,627,57.58%,433.15,0.73,0.56,1.99,3.33,21.81%,64.32%,1.094

M1k3Rules,104,70.19%,247.79,0.91,0.88,1.16,2.95,30.94%,58.31%,1.093

Lunatic,64,45.31%,409.55,0.73,0.83,1.44,2.73,26.86%,69.44%,1.093

cavemanben,500,58.40%,385.29,0.89,0.65,1.33,3.20,27.92%,61.65%,1.093

Meloshisu,125,51.20%,399.90,0.82,0.54,1.83,3.16,25.82%,61.01%,1.092

Fever,555,64.32%,397.03,0.84,0.67,1.41,3.11,27.15%,59.04%,1.092

tonio,53,41.51%,366.60,0.94,0.57,1.30,2.72,34.72%,68.38%,1.089

Chicago,688,59.01%,389.01,0.85,0.59,1.39,3.50,24.35%,67.46%,1.088

Firas,73,50.68%,394.34,0.77,0.64,1.78,2.90,26.42%,64.78%,1.087

rehzzy,74,48.65%,428.35,0.88,0.42,1.85,3.05,28.76%,65.31%,1.086

ballerrees,108,78.70%,371.98,0.74,0.89,1.30,2.54,29.20%,55.87%,1.086

JarelNaden,80,50.00%,380.39,0.88,0.61,1.39,2.70,32.41%,66.48%,1.084

Squigly,95,54.74%,378.32,0.84,0.62,1.47,2.40,35.09%,61.23%,1.083

drufinho,414,56.52%,397.09,0.85,0.54,1.60,3.07,27.74%,64.86%,1.081

String,154,44.16%,397.95,0.78,0.60,1.69,2.68,29.06%,64.55%,1.076

BJayB,94,50.00%,383.81,0.76,0.66,1.62,2.91,25.91%,64.88%,1.075

kaka,216,53.24%,399.33,0.75,0.67,1.58,2.86,26.05%,66.59%,1.074

mikan,84,61.90%,375.61,0.89,0.63,1.19,3.02,29.53%,61.84%,1.074

aki,77,58.44%,381.39,0.77,0.66,1.56,2.97,25.76%,61.45%,1.071

zayd,360,52.50%,394.36,0.80,0.59,1.74,2.83,28.19%,62.48%,1.069

Adverse,104,52.88%,373.42,0.82,0.57,1.46,3.53,23.16%,66.36%,1.069

Exodus,57,43.86%,408.18,0.95,0.42,1.86,2.93,32.34%,62.40%,1.069

Cobbo,417,50.36%,397.17,0.76,0.59,1.82,2.71,27.99%,62.17%,1.069

Compact,75,42.67%,407.80,0.81,0.39,1.81,3.00,27.11%,61.64%,1.068

peseta,63,46.03%,378.54,0.81,0.56,1.57,2.40,33.77%,67.72%,1.067

yanxnz,562,58.54%,402.63,0.78,0.64,1.51,3.13,24.76%,61.53%,1.067

Maru,111,75.68%,333.93,0.90,0.76,0.86,2.65,34.01%,58.23%,1.066

oaly.,283,47.00%,409.55,0.74,0.58,1.82,3.06,24.25%,65.21%,1.064

ceeva,132,46.21%,425.63,0.70,0.48,2.11,3.02,23.06%,63.79%,1.064

ApparentlyJack,376,55.32%,405.91,0.79,0.54,1.63,3.30,24.01%,65.06%,1.063

Lostt,380,45.00%,394.43,0.82,0.48,1.75,2.99,27.44%,68.61%,1.063

Lj,304,50.66%,404.55,0.71,0.65,1.73,2.88,24.77%,66.24%,1.062

Sad,608,58.39%,409.66,0.69,0.69,1.75,2.66,26.07%,62.07%,1.062

valt,292,62.33%,395.65,0.72,0.70,1.67,2.99,24.14%,60.17%,1.061

dan,70,45.71%,395.71,0.79,0.41,1.90,2.64,29.73%,77.06%,1.060

rise.,287,52.61%,380.70,0.80,0.55,1.52,3.00,26.71%,61.84%,1.059

Chaos Adm,59,28.81%,388.03,0.93,0.46,1.47,2.75,33.95%,67.21%,1.059

percy.,336,50.00%,415.76,0.77,0.50,1.98,2.97,26.03%,61.99%,1.059

AztraL,522,55.36%,413.29,0.74,0.57,1.67,3.16,23.41%,66.99%,1.057

Julz,565,58.23%,362.73,0.83,0.64,1.36,2.93,28.44%,60.00%,1.057

mist,644,59.16%,406.55,0.72,0.55,1.89,3.00,23.98%,61.46%,1.057

Fiberr,419,56.09%,401.13,0.78,0.53,1.68,3.02,25.93%,63.91%,1.057

BunnyDummy,95,54.74%,375.22,0.77,0.65,1.45,2.98,25.80%,59.47%,1.056

AcroniK.,180,51.67%,411.71,0.71,0.61,1.68,3.17,22.46%,65.03%,1.056

Kash,272,50.37%,411.78,0.76,0.51,1.67,3.34,22.80%,66.92%,1.053

Abdulaziz,93,58.06%,399.39,0.77,0.63,1.74,2.63,29.39%,55.74%,1.053

Joreuz,394,56.09%,404.52,0.79,0.49,1.70,3.22,24.51%,65.63%,1.051

B2seL,93,58.06%,374.11,0.78,0.66,1.32,3.15,24.91%,57.02%,1.050

SPYDOGE,471,50.74%,394.54,0.76,0.60,1.69,2.67,28.32%,60.36%,1.050

droppz,499,51.90%,398.02,0.72,0.60,1.65,2.92,24.52%,65.70%,1.050

Hyderr,138,47.83%,383.68,0.74,0.61,1.60,2.82,26.22%,64.14%,1.049

Fahad77,69,56.52%,381.57,0.90,0.52,1.42,3.36,26.72%,63.64%,1.047

PJ,602,59.14%,373.44,0.77,0.66,1.22,3.05,25.35%,63.72%,1.046

Sypical,638,59.87%,403.36,0.72,0.56,1.83,2.97,24.08%,62.17%,1.045

kirii,71,38.03%,385.69,0.77,0.48,1.55,2.83,27.36%,72.36%,1.044

Madssssss.,169,44.38%,384.69,0.75,0.51,1.69,3.05,24.66%,66.25%,1.043

Aimz,82,52.44%,392.46,0.79,0.56,1.45,3.20,24.81%,64.16%,1.043

Maestro.,290,55.17%,273.31,0.93,0.50,1.40,3.15,29.65%,62.37%,1.043

DeluxeWiz,93,48.39%,369.30,0.87,0.57,1.28,2.51,34.76%,59.56%,1.042

katosho,92,53.26%,368.11,0.88,0.50,1.34,2.55,34.47%,62.87%,1.041

Walcott,588,50.17%,377.83,0.77,0.54,1.70,2.71,28.41%,61.46%,1.041

Hiro_m,93,46.24%,407.56,0.78,0.47,1.67,3.10,25.35%,73.58%,1.040

Stealth.,129,50.39%,394.86,0.69,0.60,1.77,2.67,25.80%,60.14%,1.039

Faisal,69,56.52%,391.51,0.75,0.61,1.55,3.32,22.71%,61.04%,1.038

aoe_emp,53,50.94%,270.70,0.94,0.49,1.09,2.72,34.72%,65.52%,1.038

billy,196,48.47%,390.48,0.72,0.48,1.74,2.68,27.05%,63.10%,1.037

Mingo,70,35.71%,400.64,0.60,0.56,2.21,2.36,25.45%,62.31%,1.036

Mikeboy,276,47.83%,393.83,0.66,0.59,1.82,2.75,23.85%,66.99%,1.035

Shaolon,77,58.44%,368.05,0.91,0.52,1.14,3.39,26.82%,61.45%,1.035

GarrettG,1111,63.28%,345.10,0.80,0.55,1.52,3.16,25.41%,60.46%,1.035

frenzyy,93,48.39%,397.47,0.71,0.59,1.74,2.38,29.86%,57.89%,1.034

Jay,51,43.14%,393.47,0.69,0.59,1.75,3.10,22.15%,59.09%,1.032

Porklet,139,39.57%,382.64,0.70,0.53,1.80,2.40,29.04%,64.39%,1.032

Blurry,103,45.63%,387.99,0.76,0.55,1.38,3.46,21.91%,68.53%,1.031

furlashh,86,50.00%,370.37,0.87,0.38,1.42,2.52,34.56%,59.67%,1.030

Markydooda,310,58.06%,255.11,0.89,0.62,1.26,3.21,27.64%,60.81%,1.030

Arceon,93,60.22%,361.62,0.83,0.61,1.42,2.74,30.20%,53.82%,1.030

Ekon,201,47.76%,404.26,0.73,0.50,1.85,2.94,24.70%,64.40%,1.029

Rexo,87,41.38%,392.54,0.70,0.49,1.86,2.93,23.92%,60.47%,1.029

AZTROMICK,541,57.30%,385.23,0.73,0.58,1.62,2.90,25.27%,60.41%,1.029

itachi,378,53.70%,387.89,0.63,0.70,1.62,2.71,23.32%,63.48%,1.028

ThO.,493,50.91%,412.88,0.63,0.55,1.74,3.57,17.74%,64.28%,1.028

wells,425,49.18%,370.34,0.86,0.47,1.31,3.05,28.16%,65.43%,1.028

Hireo,80,56.25%,369.76,0.84,0.61,1.25,3.01,27.80%,59.49%,1.028

Express,860,66.05%,339.57,0.76,0.68,1.33,2.53,30.11%,56.51%,1.027

Lim,53,37.74%,357.45,0.75,0.60,1.70,2.43,31.01%,63.72%,1.027

Kei,75,53.33%,356.16,0.83,0.60,1.35,2.57,32.12%,55.44%,1.025

Kamii,799,63.95%,341.21,0.71,0.77,1.30,2.81,25.27%,57.85%,1.025

Decka,597,59.13%,348.29,0.78,0.65,1.28,2.84,27.56%,57.10%,1.024

tigr,168,42.86%,375.79,0.70,0.52,1.68,2.76,25.43%,59.71%,1.024

D3Funct,56,55.36%,339.39,0.88,0.59,1.14,2.84,30.82%,60.29%,1.024

Wee_Casper,75,48.00%,355.53,0.77,0.69,1.25,2.57,30.05%,56.99%,1.023

Kaydop,1020,59.71%,345.33,0.74,0.54,1.66,2.89,25.58%,62.02%,1.022

JWE,59,40.68%,365.80,1.14,0.31,1.14,2.95,38.51%,66.93%,1.022

Zez0nix,94,56.38%,360.80,0.79,0.54,1.36,2.85,27.61%,57.60%,1.022

Halden,87,48.28%,374.69,0.83,0.47,1.60,2.51,33.03%,63.13%,1.020

Speed,359,48.75%,401.21,0.64,0.63,1.80,2.75,23.33%,65.01%,1.020

ma2ris,76,46.05%,399.39,0.67,0.57,1.83,2.55,26.29%,61.44%,1.019

Comp,79,43.04%,414.80,0.61,0.48,2.09,3.29,18.46%,60.99%,1.019

delusioN,216,47.22%,349.22,0.72,0.60,1.73,2.51,28.60%,62.56%,1.019

Diaz,53,45.28%,378.04,0.68,0.57,1.70,2.62,25.90%,62.26%,1.018

sosa,268,46.27%,398.42,0.75,0.41,1.90,2.70,27.76%,63.47%,1.018

Dizzo,89,47.19%,370.60,0.81,0.63,1.40,2.27,35.64%,59.53%,1.017

Claw-Z,95,54.74%,370.61,0.78,0.61,1.40,2.96,26.33%,58.15%,1.017

josho,56,46.43%,353.96,0.89,0.50,1.21,2.73,32.68%,60.00%,1.017

chikage,64,43.75%,372.81,0.70,0.58,1.61,2.55,27.61%,66.13%,1.017

Zero,58,53.45%,373.97,0.86,0.45,1.43,2.74,31.45%,55.07%,1.017

klawzt,100,35.00%,373.64,0.73,0.50,1.59,3.08,23.70%,66.49%,1.017

AYYJAYY,632,52.69%,387.04,0.73,0.47,1.76,3.03,24.19%,64.30%,1.016

Relatingwave,473,51.80%,394.95,0.65,0.60,1.78,2.68,24.41%,62.51%,1.015

Riv,299,49.16%,365.79,0.76,0.55,1.41,2.66,28.59%,61.38%,1.015

Friction,76,53.95%,360.22,0.79,0.55,1.32,2.97,26.55%,68.92%,1.014

Shad,880,60.23%,378.47,0.77,0.48,1.56,3.02,25.35%,59.32%,1.014

Tadpole,263,50.57%,371.56,0.71,0.54,1.60,2.76,25.62%,61.27%,1.014

kuxir97,692,53.61%,332.15,0.79,0.54,1.57,3.11,25.45%,62.53%,1.012

FreaKii.,626,48.88%,375.98,0.68,0.51,1.93,3.08,22.06%,61.96%,1.011

Matro,269,50.93%,368.26,0.80,0.52,1.33,2.83,28.35%,58.27%,1.011

eekso,409,51.83%,399.05,0.73,0.44,1.82,3.00,24.25%,66.25%,1.011

Retals,584,60.27%,383.55,0.76,0.47,1.62,2.94,25.68%,60.00%,1.010

crr,229,47.60%,396.39,0.69,0.45,1.74,3.17,21.79%,62.89%,1.010

Skyzz,104,52.88%,375.52,0.70,0.49,1.70,2.62,26.84%,57.14%,1.010

zineel,72,45.83%,410.00,0.65,0.49,2.22,2.47,26.40%,55.41%,1.009

AbsCrazy,89,52.81%,384.28,0.69,0.61,1.45,2.91,23.55%,60.53%,1.009

Kenny Salmon,240,49.17%,394.78,0.70,0.59,1.68,2.58,27.14%,57.65%,1.009

Atomic,604,59.11%,388.88,0.64,0.65,1.57,2.75,23.45%,62.36%,1.009

VKSailen,402,52.24%,391.38,0.70,0.49,1.73,3.18,22.11%,58.90%,1.008

Blue,92,54.35%,374.07,0.86,0.41,1.59,3.05,28.11%,58.79%,1.008

d7oom-24,64,43.75%,380.95,0.67,0.50,1.89,2.25,29.86%,60.48%,1.006

jocse,75,53.33%,344.84,0.65,0.83,1.20,2.47,26.49%,57.51%,1.006

gus,101,48.51%,374.54,0.71,0.61,1.47,2.55,27.91%,62.62%,1.005

vortexioz,409,52.81%,364.52,0.76,0.56,1.33,2.71,27.91%,63.03%,1.005

Bambii,177,45.20%,381.67,0.66,0.57,1.68,2.60,25.16%,64.97%,1.005

LionBlaze,342,48.54%,399.57,0.61,0.52,1.93,2.96,20.71%,63.76%,1.005

HotWheelsSid,56,39.29%,238.04,0.86,0.57,0.96,2.79,30.77%,66.12%,1.004

K�rian,229,47.60%,384.25,0.59,0.61,1.71,2.77,21.42%,63.66%,1.003

BeastMode,364,54.95%,385.03,0.67,0.57,1.62,2.99,22.31%,62.34%,1.003

Nick,65,53.85%,344.28,0.80,0.58,1.15,2.92,27.37%,59.21%,1.002

Mile,74,44.59%,388.18,0.70,0.41,1.86,2.96,23.74%,65.60%,1.002

niko2,61,39.34%,374.97,0.69,0.54,1.66,2.61,26.42%,63.03%,1.001

night.,110,38.18%,398.33,0.67,0.48,2.00,2.48,27.11%,61.06%,1.001

ajg,850,60.71%,381.05,0.67,0.60,1.62,2.78,24.09%,59.88%,1.001

Breezi,306,48.04%,399.22,0.69,0.49,1.69,2.89,23.95%,64.48%,0.999

MaJicBear,354,51.98%,382.56,0.69,0.56,1.62,2.90,23.74%,60.35%,0.999

Happymeal,80,67.50%,347.91,0.76,0.71,1.18,2.51,30.35%,49.37%,0.999

Its Trueno,65,33.85%,378.03,0.62,0.71,1.58,2.88,21.39%,69.92%,0.998

Wonder,284,44.01%,347.95,0.72,0.53,1.47,2.74,26.22%,67.05%,0.998

Retra,90,64.44%,320.19,0.82,0.66,1.07,2.38,34.58%,52.57%,0.998

WonderCake,52,30.77%,367.60,0.69,0.44,1.75,2.88,24.00%,73.75%,0.998

Reysbull,851,60.87%,377.81,0.67,0.59,1.56,2.84,23.56%,59.56%,0.996

Zamu�,430,53.26%,373.21,0.65,0.62,1.57,2.90,22.29%,63.15%,0.996

Enlid,52,23.08%,381.23,0.54,0.50,1.96,2.23,24.14%,64.29%,0.996

noly,480,49.79%,375.11,0.71,0.48,1.57,2.90,24.51%,66.43%,0.994

Andy,364,50.55%,406.08,0.64,0.49,1.83,3.05,21.06%,63.29%,0.994

RemiK,247,46.96%,376.55,0.65,0.55,1.72,2.68,24.36%,57.64%,0.994

LuiisP,197,48.73%,380.18,0.65,0.51,1.79,2.71,23.97%,61.56%,0.992

RoToR,83,36.14%,377.14,0.69,0.49,1.76,2.65,25.91%,61.64%,0.991

Hooups,63,41.27%,397.27,0.54,0.62,2.02,2.52,21.38%,65.18%,0.991

JPow,347,46.69%,372.68,0.74,0.43,1.64,2.98,24.98%,61.57%,0.991

Bemmz,61,54.10%,378.92,0.70,0.46,1.79,2.56,27.56%,53.38%,0.991

pan.,433,45.50%,369.20,0.73,0.50,1.48,2.99,24.31%,61.72%,0.991

kv1,91,45.05%,380.89,0.73,0.49,1.51,3.00,24.18%,61.33%,0.991

Paarth,131,44.27%,365.02,0.63,0.63,1.58,2.62,24.20%,60.14%,0.990

renaN,668,54.94%,352.69,0.70,0.59,1.37,2.68,26.02%,61.09%,0.990

Le Duck,421,50.83%,350.84,0.68,0.63,1.45,2.57,26.48%,58.06%,0.990

Vince,55,40.00%,251.18,0.78,0.55,1.38,2.71,28.86%,68.87%,0.990

twty,51,58.82%,350.96,0.63,0.63,1.67,2.33,26.89%,57.14%,0.990

Juan,117,49.57%,377.75,0.62,0.62,1.68,2.97,20.75%,56.92%,0.989

Chace,89,46.07%,370.09,0.67,0.60,1.73,2.46,27.40%,55.12%,0.989

Jbot,177,45.20%,369.53,0.66,0.50,1.69,2.79,23.53%,61.38%,0.989

xpurt,190,47.37%,401.48,0.65,0.48,2.03,2.65,24.65%,59.34%,0.989

Vatira,96,57.29%,389.93,0.67,0.47,1.73,2.96,22.54%,55.61%,0.988

Viic,83,36.14%,381.13,0.67,0.45,1.83,2.48,27.18%,58.49%,0.987

Sweeper,56,42.86%,398.25,0.77,0.41,1.86,2.45,31.39%,58.41%,0.986

JD,57,49.12%,379.39,0.65,0.56,1.67,2.72,23.87%,58.97%,0.986

jruss,148,48.65%,363.27,0.72,0.49,1.36,3.07,23.52%,60.68%,0.984

Luk,502,53.59%,380.94,0.63,0.56,1.75,2.68,23.39%,58.53%,0.984

ExoTiiK,239,49.37%,379.03,0.67,0.53,1.55,3.03,22.27%,60.13%,0.984

Poofy,57,63.16%,350.84,0.68,0.72,1.23,3.05,22.41%,56.34%,0.983

Extra,561,63.99%,366.70,0.71,0.51,1.46,2.93,24.13%,58.04%,0.983

Fireburner,411,60.83%,262.29,0.79,0.61,1.39,2.73,28.88%,60.17%,0.983

Arch,63,46.03%,367.46,0.75,0.54,1.37,2.56,29.19%,63.78%,0.982

parka,71,56.34%,354.82,0.65,0.59,1.51,2.39,27.06%,58.28%,0.982

brad,463,51.84%,369.87,0.70,0.50,1.67,2.60,26.89%,61.50%,0.981

cluney,52,26.92%,373.98,0.77,0.31,1.63,2.67,28.78%,62.22%,0.980

Acrox88,73,54.79%,370.71,0.82,0.42,1.55,2.81,29.27%,54.49%,0.980

Superlachie,219,47.95%,359.74,0.68,0.51,1.61,2.70,25.21%,64.20%,0.980

fefe,207,45.41%,370.24,0.53,0.60,1.80,2.43,21.91%,61.42%,0.979

Impressive,57,63.16%,365.58,0.65,0.56,1.74,2.84,22.84%,48.94%,0.979

Bango,129,38.76%,286.42,0.82,0.43,1.56,2.72,30.20%,63.89%,0.979

fAsi,462,48.70%,365.06,0.73,0.48,1.52,2.69,26.93%,59.42%,0.978

KnS,279,39.43%,387.54,0.63,0.44,1.90,2.88,21.92%,65.64%,0.978

Baked Potato,266,46.99%,359.77,0.73,0.45,1.49,2.79,26.28%,63.05%,0.977

hockE,105,48.57%,391.74,0.63,0.53,1.81,2.96,21.22%,60.10%,0.977

Radosin,234,48.72%,399.92,0.61,0.48,2.02,2.67,22.72%,61.15%,0.977

Turbopolsa,998,61.12%,328.42,0.76,0.50,1.42,3.00,25.25%,58.38%,0.977

Szaro,280,37.14%,362.51,0.71,0.49,1.51,2.81,25.29%,65.18%,0.976

Haberkamper,663,54.00%,370.28,0.69,0.53,1.52,2.79,24.69%,58.20%,0.976

Amaryllis,59,28.81%,370.98,0.61,0.59,1.75,2.03,30.00%,58.20%,0.976

kachow,177,40.68%,348.41,0.74,0.51,1.38,2.79,26.57%,61.84%,0.976

Stake,415,54.22%,367.57,0.71,0.49,1.49,2.89,24.56%,59.76%,0.974

Joyo,131,53.44%,383.04,0.58,0.56,1.79,2.92,19.84%,58.89%,0.974

gimmick,658,54.56%,342.71,0.71,0.53,1.50,2.64,27.01%,62.75%,0.974

misty,473,51.59%,371.11,0.65,0.51,1.64,2.65,24.64%,57.01%,0.974

Tango,426,53.05%,377.14,0.65,0.55,1.71,2.69,24.39%,58.54%,0.974

tvaristo.,86,43.02%,356.69,0.74,0.50,1.30,2.84,26.23%,66.88%,0.974

Negative,218,46.33%,384.62,0.63,0.46,1.90,2.44,25.80%,59.20%,0.974

boom,86,41.86%,364.81,0.65,0.45,1.83,2.56,25.45%,65.97%,0.974

SavvySeal,108,43.52%,347.48,0.84,0.42,1.06,3.34,25.21%,62.96%,0.973

Benniiz,52,34.62%,386.56,0.65,0.46,1.83,2.52,25.95%,66.67%,0.973

Mao,59,49.15%,342.27,0.80,0.41,1.32,2.24,35.61%,60.68%,0.972

Nielskoek,119,37.82%,266.47,0.74,0.54,1.60,2.84,26.04%,66.38%,0.972

tallie,106,41.51%,378.71,0.70,0.46,1.65,2.85,24.50%,60.29%,0.972

Catalysm,294,50.34%,388.69,0.66,0.44,1.70,3.05,21.49%,61.49%,0.971

Crazy,64,40.63%,370.17,0.72,0.47,1.61,2.61,27.54%,65.52%,0.971

Skillz.,156,42.31%,364.80,0.69,0.52,1.54,2.86,24.22%,61.56%,0.970

Noiisey,156,44.87%,363.03,0.60,0.61,1.44,2.35,25.68%,64.29%,0.969

Rocky,89,46.07%,333.16,0.84,0.45,1.11,2.66,31.65%,56.10%,0.969

SSteve,236,47.88%,367.67,0.68,0.51,1.51,2.92,23.37%,60.78%,0.969

MaRc_By_8.,525,66.67%,353.22,0.68,0.60,1.34,2.94,22.96%,59.05%,0.969

Chris,53,45.28%,360.85,0.70,0.66,1.38,2.83,24.67%,59.50%,0.969

Toastie,300,51.00%,353.54,0.74,0.49,1.40,2.83,26.15%,59.71%,0.969

comm,338,48.52%,381.37,0.56,0.55,1.84,2.62,21.38%,62.54%,0.969

Bram.,97,43.30%,358.51,0.61,0.57,1.74,2.34,25.99%,58.46%,0.968

aguz,132,34.85%,345.40,0.70,0.53,1.29,2.71,25.70%,63.28%,0.967

masa,92,53.26%,328.10,0.68,0.60,1.22,2.08,32.98%,58.42%,0.966

klaus.,195,43.59%,353.05,0.72,0.48,1.44,2.64,27.38%,67.24%,0.965

Squishy,904,63.16%,344.08,0.63,0.59,1.48,2.67,23.59%,56.38%,0.964

EPICJonny,67,38.81%,274.21,0.67,0.51,1.82,2.46,27.27%,57.25%,0.964

Vogan,74,47.30%,231.89,0.72,0.53,1.46,2.61,27.46%,59.35%,0.963

Hughesy,69,36.23%,358.22,0.80,0.36,1.39,2.36,33.74%,62.99%,0.963

Fairy Peak!,885,58.19%,344.28,0.62,0.57,1.68,2.54,24.24%,58.53%,0.963

Shock,406,50.25%,378.73,0.65,0.45,1.74,2.78,23.27%,61.77%,0.962

Justuszzz,195,49.74%,381.55,0.47,0.63,1.93,2.67,17.69%,58.47%,0.962

Rqxsia,51,49.02%,334.88,0.65,0.57,1.37,2.10,30.84%,56.88%,0.962

Tjester,60,45.00%,342.37,0.82,0.40,1.37,2.83,28.82%,66.36%,0.961

Calix,187,48.13%,356.85,0.72,0.44,1.52,2.91,24.77%,59.94%,0.961

Lausiie,82,45.12%,369.59,0.73,0.37,1.52,2.66,27.52%,61.64%,0.960

SrNaniiTou,208,37.50%,364.58,0.63,0.49,1.73,2.42,25.84%,59.79%,0.960

rapid,427,51.05%,381.65,0.57,0.57,1.68,2.83,20.28%,60.12%,0.960

Toxiic,71,47.89%,367.39,0.70,0.46,1.65,2.63,26.74%,55.70%,0.960

saizen,217,48.85%,350.89,0.70,0.47,1.41,2.84,24.68%,65.37%,0.960

hockser,386,45.60%,392.95,0.52,0.57,1.97,2.63,19.61%,61.74%,0.959

kixou,64,39.06%,365.11,0.58,0.39,2.19,2.08,27.82%,57.94%,0.959

matix,384,58.33%,352.34,0.72,0.52,1.36,2.82,25.55%,57.49%,0.959

Thundah,57,36.84%,352.53,0.75,0.44,1.37,2.51,30.07%,54.40%,0.959

Kronovi,657,52.82%,306.14,0.71,0.53,1.42,2.82,25.28%,58.29%,0.959

torment,754,54.51%,342.77,0.63,0.54,1.77,2.50,25.29%,56.99%,0.959

Grumpz,61,34.43%,351.80,0.72,0.33,1.59,2.89,25.00%,66.67%,0.959

alraz,239,41.84%,375.74,0.60,0.48,1.65,2.95,20.43%,62.71%,0.958

K.z,52,50.00%,333.21,0.79,0.46,1.13,2.63,29.93%,55.56%,0.958

Ryzow,92,53.26%,344.79,0.63,0.62,1.39,1.92,32.77%,56.93%,0.958

Dorito,229,47.60%,384.52,0.59,0.47,1.81,2.71,21.90%,58.80%,0.957

bananahead,176,52.27%,381.90,0.65,0.51,1.76,2.57,25.44%,60.71%,0.957

WondaMike,179,47.49%,381.64,0.73,0.47,1.45,3.08,23.55%,64.46%,0.957

Lerky,233,48.93%,351.07,0.66,0.58,1.33,2.91,22.53%,61.41%,0.956

Moss,189,39.15%,355.52,0.60,0.54,1.64,2.43,24.62%,61.08%,0.956

leodkn,601,51.75%,364.38,0.59,0.60,1.67,2.25,26.20%,57.28%,0.955

DmentZa,453,52.98%,371.31,0.55,0.59,1.85,2.52,21.78%,56.50%,0.955

Yukiss,213,48.36%,362.21,0.64,0.49,1.54,2.64,24.38%,59.46%,0.954

Mittaen,322,53.73%,385.64,0.57,0.50,1.86,2.90,19.81%,57.26%,0.954

Tenhow,111,75.68%,348.77,0.74,0.58,1.27,2.69,27.42%,46.20%,0.954

LeV,72,45.83%,362.10,0.64,0.53,1.56,2.63,24.34%,61.31%,0.953

zenulous,543,54.88%,327.20,0.71,0.56,1.25,2.64,27.04%,58.93%,0.953

hibbs,306,48.04%,373.83,0.60,0.51,1.80,2.57,23.28%,60.04%,0.952

blaze.,65,44.62%,372.92,0.63,0.55,1.49,2.51,25.15%,58.78%,0.952

Ghost,184,48.37%,343.57,0.71,0.51,1.27,2.71,26.05%,61.54%,0.952

Taroco.,467,51.18%,360.31,0.67,0.47,1.58,2.91,23.16%,57.05%,0.952

snipjz,544,56.62%,357.81,0.68,0.54,1.48,2.65,25.56%,55.70%,0.952

matsgrey,150,46.67%,377.29,0.61,0.53,1.77,2.71,22.41%,59.38%,0.951

laucha,166,44.58%,361.68,0.61,0.50,1.75,2.50,24.58%,56.75%,0.951

Davitrox,415,44.58%,346.93,0.69,0.47,1.41,2.73,25.18%,61.62%,0.951

PeaKy,54,42.59%,356.02,0.59,0.54,1.78,2.09,28.32%,58.65%,0.950

Sythe,52,50.00%,382.46,0.52,0.56,2.21,2.10,24.77%,53.33%,0.949

Shadow,176,43.18%,381.68,0.61,0.49,1.77,2.58,23.79%,62.58%,0.949

Forky,69,47.83%,373.03,0.57,0.59,1.59,2.61,21.67%,60.61%,0.948

Doomsee,175,49.14%,284.70,0.74,0.51,1.33,2.63,28.04%,59.03%,0.948

h4mburger,59,40.68%,351.73,0.68,0.63,1.20,2.29,29.63%,60.63%,0.948

Kraziks,304,50.66%,354.95,0.61,0.55,1.55,2.75,22.10%,56.05%,0.947

Tobee,151,43.05%,363.66,0.58,0.58,1.46,2.61,22.34%,58.72%,0.947

Requiem,609,55.50%,330.12,0.68,0.59,1.24,2.47,27.38%,56.60%,0.947

Memory,559,48.84%,359.09,0.68,0.42,1.59,2.89,23.55%,60.41%,0.946

Matt,201,41.79%,245.32,0.79,0.47,1.43,2.63,29.92%,61.31%,0.946

Shmoopernator,250,44.80%,349.14,0.64,0.50,1.59,2.56,25.20%,60.90%,0.946

ejby,60,38.33%,391.00,0.63,0.45,1.83,2.50,25.33%,61.32%,0.946

Aeon,145,42.76%,352.06,0.66,0.43,1.48,2.72,24.05%,63.20%,0.946

LGGS,73,41.10%,355.84,0.63,0.51,1.67,2.55,24.73%,58.87%,0.945

Friizy,90,50.00%,314.47,0.73,0.60,1.02,2.42,30.28%,54.79%,0.945

Laxin,236,50.42%,380.44,0.59,0.53,1.72,2.35,25.05%,56.17%,0.945

ams,93,56.99%,355.71,0.67,0.60,1.29,3.19,20.88%,54.63%,0.945

Darou,67,44.78%,370.51,0.60,0.46,1.87,2.49,23.95%,60.68%,0.943

oath,137,43.80%,364.78,0.59,0.56,1.49,2.47,23.96%,66.39%,0.942

repi,625,52.80%,361.35,0.64,0.52,1.62,2.57,24.74%,56.10%,0.942

Chausette45,867,51.44%,348.21,0.60,0.48,1.84,2.66,22.45%,56.86%,0.942

Flakes,140,47.86%,381.69,0.62,0.41,1.96,2.40,25.89%,60.50%,0.940

creamyy,66,45.45%,356.00,0.61,0.56,1.50,2.82,21.51%,59.23%,0.940

TaTu,108,29.63%,356.81,0.57,0.48,1.75,2.46,23.31%,62.64%,0.940

shadey,225,56.89%,285.74,0.72,0.52,1.34,2.57,28.20%,56.77%,0.940

virtuoso,347,48.99%,351.84,0.68,0.49,1.37,2.67,25.59%,59.10%,0.939

FirefoxD,670,53.43%,351.59,0.70,0.49,1.26,2.98,23.41%,57.45%,0.939

tander,888,64.30%,340.74,0.61,0.60,1.42,2.60,23.62%,50.42%,0.938

Growlii,80,42.50%,360.85,0.59,0.59,1.50,2.69,21.86%,61.44%,0.938

Mijo,95,45.26%,252.00,0.68,0.52,1.62,2.39,28.63%,61.62%,0.938

Vis,73,43.84%,355.45,0.63,0.55,1.55,2.29,27.54%,55.13%,0.937

NoMansion,58,46.55%,344.41,0.74,0.36,1.41,2.64,28.10%,58.18%,0.937

Outlast,127,33.86%,346.10,0.57,0.52,1.72,2.50,23.03%,64.35%,0.937

Royales,459,42.70%,349.52,0.69,0.44,1.41,2.54,27.41%,60.12%,0.937

.ZPS,326,49.08%,363.58,0.70,0.39,1.70,2.79,24.97%,58.71%,0.937

Shoe,119,40.34%,364.39,0.63,0.51,1.54,2.76,22.80%,59.39%,0.936

fearlesscarrot,89,46.07%,337.94,0.79,0.43,1.37,2.55,30.84%,52.68%,0.936

tcorrell.,360,49.72%,391.30,0.54,0.47,2.07,2.55,21.35%,56.07%,0.936

mock,298,50.67%,354.84,0.67,0.48,1.50,2.46,27.15%,58.63%,0.935

Rix_Ronday,230,44.78%,358.12,0.60,0.50,1.73,2.46,24.42%,57.40%,0.935

amatel,76,46.05%,362.49,0.61,0.54,1.62,2.30,26.29%,56.86%,0.935

rey,72,61.11%,324.69,0.65,0.72,1.08,2.38,27.49%,57.23%,0.934

Kassio,619,54.60%,344.49,0.66,0.48,1.46,2.66,24.82%,56.19%,0.934

Jordan,354,51.98%,359.53,0.63,0.48,1.66,2.73,23.14%,53.54%,0.934

ELMP,94,48.94%,223.83,0.71,0.59,1.37,2.79,25.57%,59.80%,0.934

yanD,462,42.42%,367.13,0.64,0.47,1.66,2.57,25.00%,59.08%,0.934

dreaz,247,61.94%,354.10,0.55,0.60,1.52,2.70,20.36%,54.20%,0.934

Tox,418,53.59%,380.99,0.56,0.51,1.77,2.60,21.66%,57.73%,0.933

li0n,62,43.55%,314.52,0.60,0.60,1.27,2.39,25.00%,57.36%,0.933

ivn,158,51.27%,367.04,0.56,0.49,1.72,2.88,19.56%,59.50%,0.933

Samuel,119,40.34%,336.22,0.62,0.51,1.29,2.61,23.87%,58.95%,0.933

Scrub Killa,574,56.27%,374.07,0.53,0.49,1.97,2.42,22.07%,52.22%,0.932

AryaNeil,80,50.00%,354.52,0.71,0.54,1.21,2.79,25.56%,55.87%,0.932

Oscillon,316,50.32%,360.27,0.58,0.51,1.65,2.72,21.45%,57.53%,0.931

Spyder,172,41.28%,357.93,0.69,0.40,1.50,2.98,23.20%,61.24%,0.931

Timbathy,52,59.62%,211.73,0.79,0.54,1.19,2.15,36.61%,51.11%,0.930

Arsenal,588,61.90%,347.83,0.62,0.55,1.41,2.53,24.48%,56.22%,0.928

Msh,64,43.75%,335.06,0.56,0.55,1.67,2.08,27.07%,57.26%,0.928

Scarth,340,49.12%,338.76,0.60,0.59,1.42,2.42,24.94%,54.59%,0.927

Shea,73,41.10%,334.23,0.73,0.41,1.32,2.47,29.44%,59.29%,0.926

ianpinheiro,293,48.81%,357.53,0.61,0.55,1.44,2.69,22.69%,60.89%,0.926

FlamE,620,50.97%,341.18,0.59,0.53,1.55,2.46,23.95%,57.50%,0.926

Tahz,118,46.61%,355.88,0.57,0.44,1.79,2.29,24.81%,54.34%,0.926

Sharp,98,32.65%,343.32,0.67,0.37,1.53,2.44,27.62%,61.08%,0.925

Kinseh,295,48.81%,371.63,0.60,0.48,1.76,2.69,22.26%,56.46%,0.925

Cruzza,139,46.04%,339.71,0.65,0.55,1.45,2.37,27.66%,53.33%,0.924

Turinturo,496,53.63%,354.82,0.53,0.56,1.65,2.49,21.36%,54.10%,0.924

Flasheeyy,261,42.15%,364.79,0.63,0.46,1.61,2.59,24.22%,59.33%,0.923

Emre,62,37.10%,356.44,0.56,0.48,1.65,2.40,23.49%,64.36%,0.923

Tool,162,45.68%,356.63,0.58,0.49,1.71,2.58,22.49%,58.19%,0.923

Chippy,243,48.15%,352.06,0.64,0.42,1.54,2.48,25.87%,58.54%,0.922

Plitz,74,37.84%,241.49,0.74,0.46,1.16,2.66,27.92%,64.49%,0.922

sigms,86,50.00%,356.55,0.50,0.71,1.53,2.23,22.40%,57.46%,0.922

Paschy90,346,53.76%,245.03,0.73,0.53,1.35,2.46,29.49%,60.73%,0.922

Sour,264,45.08%,344.94,0.67,0.46,1.45,2.46,27.23%,53.68%,0.922

Espeon,163,48.47%,238.01,0.81,0.39,1.23,2.73,29.66%,66.33%,0.921

Dappur,283,44.52%,298.98,0.64,0.43,1.66,2.47,25.75%,60.64%,0.921

Tylacto,95,33.68%,282.32,0.59,0.57,1.66,2.20,26.79%,69.62%,0.921

BoyScHool Q,115,46.09%,371.57,0.60,0.45,1.74,2.37,25.37%,57.62%,0.920

Iryzer,51,37.25%,348.22,0.67,0.35,1.43,2.96,22.52%,61.90%,0.920

Venom,69,56.52%,352.35,0.58,0.64,1.58,2.33,24.84%,54.55%,0.920

Buddy,158,43.04%,362.87,0.61,0.44,1.50,3.16,19.44%,62.31%,0.920

Sempa,96,39.58%,350.46,0.55,0.56,1.58,2.61,21.12%,61.49%,0.920

delta,345,50.14%,343.72,0.62,0.49,1.40,2.57,24.13%,63.10%,0.918

BRUNOVISQUII,536,48.69%,351.21,0.55,0.59,1.55,2.15,25.54%,58.55%,0.918

Turtle,198,53.03%,223.64,0.72,0.61,1.18,2.43,29.73%,57.05%,0.918

Sea-Bass,247,36.44%,327.35,0.59,0.47,1.81,2.48,23.69%,60.05%,0.917

remkoe,532,52.26%,286.39,0.69,0.49,1.43,2.70,25.73%,58.39%,0.917

Spratt,397,53.90%,332.52,0.65,0.55,1.24,2.41,26.99%,55.61%,0.917

CJM,349,43.84%,324.23,0.64,0.49,1.44,2.46,26.05%,58.52%,0.917

Freshness,256,44.53%,373.41,0.56,0.43,1.81,2.88,19.51%,57.34%,0.917

Specs,64,43.75%,336.50,0.56,0.66,1.28,2.36,23.84%,57.35%,0.916

Dark,55,32.73%,324.11,0.69,0.44,1.27,2.35,29.46%,63.92%,0.915

EyeIgnite,187,43.85%,324.32,0.66,0.41,1.58,2.73,24.07%,63.58%,0.915

Snowy,409,52.81%,336.86,0.64,0.50,1.47,2.30,27.95%,54.69%,0.915

ElOmarMaton,90,48.89%,360.92,0.57,0.50,1.63,2.56,22.17%,60.76%,0.913

money,146,45.21%,354.37,0.59,0.51,1.41,2.41,24.43%,61.22%,0.913

Cheery,68,39.71%,331.15,0.78,0.41,1.09,2.41,32.32%,61.83%,0.913

Lethamyr,234,47.01%,294.53,0.63,0.47,1.62,2.71,23.19%,60.28%,0.912

Barist,107,49.53%,351.86,0.63,0.42,1.54,2.92,21.47%,49.34%,0.912

arju,308,54.87%,360.25,0.57,0.51,1.55,2.64,21.55%,56.25%,0.912

womped,72,41.67%,385.54,0.60,0.36,1.93,2.72,21.94%,57.98%,0.911

HAZA,172,40.70%,363.25,0.59,0.41,1.87,2.58,22.75%,55.13%,0.911

dead.,262,49.62%,347.21,0.63,0.44,1.49,2.59,24.15%,57.56%,0.911

Noxes,83,43.37%,348.96,0.53,0.47,1.76,2.47,21.46%,56.85%,0.910

bluey.,487,50.31%,340.74,0.52,0.56,1.69,2.51,20.72%,56.93%,0.910

waiwai,61,50.82%,341.33,0.70,0.36,1.43,2.31,30.50%,64.36%,0.909

.tristn,234,47.44%,359.37,0.58,0.46,1.64,2.86,20.33%,56.51%,0.909

Joel,180,37.78%,348.21,0.58,0.54,1.48,2.32,25.18%,62.93%,0.909

Nitrous,78,41.03%,337.50,0.64,0.58,1.18,2.77,23.15%,62.91%,0.909

Rizex45,276,47.46%,367.51,0.54,0.48,1.76,2.64,20.27%,55.67%,0.909

ripoopi,73,61.64%,325.11,0.64,0.60,1.32,2.21,29.19%,52.60%,0.908

SOMA,56,46.43%,251.61,0.70,0.41,1.25,2.54,27.46%,58.49%,0.908

EviIL42,53,50.94%,328.40,0.51,0.60,1.40,2.30,22.13%,55.14%,0.908

Gengar,87,45.98%,362.20,0.54,0.49,1.82,2.51,21.56%,52.94%,0.907

ViolentPanda,835,57.13%,312.33,0.56,0.59,1.46,2.58,21.52%,57.56%,0.907

ayjacks,390,45.64%,363.69,0.53,0.46,1.82,2.49,21.07%,57.81%,0.907

UmBroken,381,46.19%,354.87,0.55,0.49,1.75,2.25,24.21%,52.89%,0.907

Jacob,514,48.25%,279.65,0.59,0.60,1.41,2.22,26.64%,59.67%,0.907

primethunder,134,44.03%,321.10,0.62,0.53,1.22,2.96,20.96%,58.56%,0.906

beeyu,120,44.17%,354.68,0.64,0.42,1.43,2.80,22.92%,54.47%,0.906

kirn,110,50.00%,352.47,0.55,0.55,1.54,2.40,22.73%,53.33%,0.905

AxB,217,51.15%,352.97,0.61,0.50,1.48,2.50,24.35%,55.79%,0.905

hec,132,39.39%,339.82,0.58,0.51,1.45,2.44,23.60%,60.85%,0.905

Chrome,199,43.72%,228.87,0.64,0.55,1.42,2.43,26.24%,59.85%,0.905

mectos,287,43.21%,342.54,0.54,0.54,1.56,2.68,20.13%,59.27%,0.905

Brabes,109,36.70%,344.39,0.60,0.54,1.43,2.35,25.39%,52.77%,0.904

Lachinio,165,52.12%,226.94,0.75,0.53,1.28,2.50,29.78%,52.76%,0.903

Daisu,172,33.72%,344.68,0.60,0.45,1.58,2.61,23.16%,61.90%,0.903

Insolences,218,47.25%,243.56,0.65,0.54,1.50,2.24,29.04%,57.40%,0.903

Kuma,159,48.43%,334.61,0.53,0.64,1.43,2.10,25.15%,54.57%,0.902

Gyro,548,52.01%,362.22,0.54,0.49,1.74,2.43,22.21%,56.67%,0.902

Jackay,64,37.50%,325.84,0.53,0.53,1.52,2.22,23.94%,64.15%,0.902

Scout,134,43.28%,326.22,0.67,0.43,1.33,2.66,25.28%,56.54%,0.901

Smash,90,40.00%,324.83,0.66,0.49,1.18,2.76,23.79%,60.59%,0.900

finn,330,49.70%,338.87,0.62,0.52,1.33,2.67,23.41%,54.70%,0.899

gReazy,486,54.32%,292.53,0.60,0.56,1.45,2.70,22.24%,54.65%,0.899

astro,186,42.47%,361.96,0.58,0.41,1.75,2.40,23.99%,57.14%,0.899

Risen,76,53.95%,336.88,0.54,0.58,1.54,2.26,23.84%,57.43%,0.898

oVaMPiERz,73,50.68%,345.99,0.59,0.52,1.59,2.44,24.16%,50.94%,0.898

mzxy,63,42.86%,339.78,0.67,0.49,1.25,2.51,26.58%,64.60%,0.898

Homie,274,41.61%,349.02,0.57,0.46,1.69,2.28,25.08%,57.17%,0.897

CorruptedG,313,41.85%,270.45,0.65,0.48,1.47,2.33,27.85%,62.77%,0.897

change,257,43.19%,331.53,0.62,0.44,1.46,2.35,26.28%,57.42%,0.897

Luke,134,48.51%,326.84,0.61,0.44,1.37,2.57,23.84%,56.63%,0.895

Daze,83,40.96%,247.77,0.59,0.61,1.36,2.01,29.34%,62.11%,0.894

Dumbo,228,49.56%,270.41,0.68,0.56,1.21,2.30,29.58%,56.51%,0.894

Panic,59,33.90%,350.90,0.56,0.47,1.71,2.20,25.38%,62.24%,0.894

Ferra,691,52.39%,299.70,0.65,0.48,1.26,2.79,23.42%,59.21%,0.893

Jaffa,90,50.00%,349.79,0.71,0.37,1.43,2.54,27.95%,53.30%,0.893

radoko.,249,49.00%,354.05,0.52,0.48,1.75,2.42,21.59%,53.78%,0.893

Astroh,145,42.76%,348.89,0.56,0.50,1.57,2.24,24.92%,61.20%,0.893

Genocop,106,40.57%,262.53,0.61,0.49,1.41,2.57,23.90%,53.42%,0.891

Gnagflow06,68,45.59%,369.79,0.57,0.34,1.82,2.57,22.29%,52.99%,0.891

Ahduhm,168,41.07%,370.57,0.46,0.50,1.86,2.10,22.16%,57.65%,0.890

Snaski,264,46.59%,255.83,0.61,0.50,1.62,2.44,25.12%,55.26%,0.889

Spcterrr,91,32.97%,329.46,0.59,0.51,1.36,2.53,23.48%,58.14%,0.889

Stokelyy,161,40.37%,349.63,0.55,0.43,1.61,2.66,20.79%,60.54%,0.889

Sikii,259,48.65%,241.16,0.56,0.56,1.59,2.44,23.10%,56.07%,0.888

Mognus,410,46.34%,317.17,0.50,0.51,1.72,2.46,20.50%,62.05%,0.888

Metsanauris,776,50.52%,317.69,0.56,0.52,1.44,2.43,23.10%,57.25%,0.888

baait,199,42.21%,332.10,0.61,0.41,1.50,2.40,25.31%,57.71%,0.888

AKKINN,61,39.34%,342.23,0.67,0.41,1.34,2.52,26.62%,55.46%,0.887

Karma,169,43.20%,337.19,0.54,0.46,1.51,2.39,22.52%,59.93%,0.887

AlphaKep,320,48.13%,341.39,0.60,0.43,1.52,2.45,24.52%,54.91%,0.887

Quinn Lobdell,81,46.91%,202.22,0.70,0.51,1.02,2.47,28.50%,61.25%,0.887

Aza,201,39.30%,337.39,0.61,0.47,1.32,2.35,26.00%,60.45%,0.886

Sizz,214,41.12%,251.00,0.57,0.56,1.56,2.17,26.29%,58.50%,0.886

bmnd5,241,44.40%,364.83,0.52,0.51,1.71,2.26,23.16%,53.88%,0.885

Lexim,480,42.08%,339.54,0.56,0.51,1.51,2.17,26.06%,57.49%,0.884

Pwndx,95,41.05%,236.95,0.64,0.47,1.37,2.40,26.75%,54.64%,0.883

Yukeo,608,51.64%,342.99,0.55,0.45,1.65,2.57,21.38%,56.44%,0.883

LiFox,77,37.66%,389.25,0.48,0.40,2.06,2.88,16.67%,50.37%,0.883

tokyo,55,45.45%,336.09,0.47,0.62,1.71,2.13,22.22%,56.60%,0.882

Jake,153,66.67%,237.45,0.61,0.67,1.24,2.58,23.60%,54.47%,0.881

Polar,222,48.65%,344.38,0.50,0.52,1.55,2.49,19.89%,56.96%,0.881

echo.,75,48.00%,291.47,0.59,0.68,1.05,2.11,27.85%,49.22%,0.880

Deevo,826,52.18%,321.04,0.55,0.48,1.62,2.42,22.79%,52.85%,0.879

lucas06,208,42.31%,347.20,0.54,0.45,1.63,2.29,23.48%,55.38%,0.879

JWismont,198,39.39%,337.95,0.56,0.44,1.44,2.73,20.56%,62.26%,0.879

res,80,56.25%,304.10,0.74,0.47,0.86,2.35,31.38%,49.74%,0.879

Scrub,253,49.01%,335.49,0.62,0.40,1.33,2.64,23.35%,55.41%,0.878

Decxp,73,36.99%,330.52,0.64,0.34,1.45,2.14,30.13%,55.81%,0.878

Brisky,82,47.56%,349.33,0.50,0.52,1.74,2.05,24.40%,51.85%,0.877

Kisai,70,47.14%,368.23,0.57,0.36,1.77,2.20,25.97%,61.32%,0.876

JJPrezus,61,34.43%,356.16,0.57,0.41,1.44,2.66,21.60%,65.93%,0.876

Maadzz,52,23.08%,357.92,0.58,0.38,1.62,2.77,20.83%,59.52%,0.875

Tequilaz,58,41.38%,200.34,0.69,0.38,1.43,1.72,40.00%,54.39%,0.874

pryyme,248,47.18%,356.71,0.46,0.51,1.77,2.13,21.44%,55.30%,0.874

Dave,63,33.33%,326.92,0.59,0.48,1.32,2.16,27.21%,65.05%,0.873

ellusive,103,44.66%,234.44,0.59,0.50,1.56,2.13,27.85%,60.11%,0.872

Shorez,107,43.93%,337.55,0.55,0.41,1.62,2.15,25.65%,54.79%,0.872

Cynical,124,44.35%,336.26,0.50,0.56,1.60,2.43,20.60%,51.56%,0.872

Nachitow,129,42.64%,352.03,0.51,0.49,1.59,2.60,19.64%,57.08%,0.870

eli,184,34.24%,338.09,0.60,0.37,1.53,2.39,25.23%,57.56%,0.870

temma,65,47.69%,355.62,0.51,0.46,1.68,2.06,24.63%,62.38%,0.870

Ness,87,36.78%,338.36,0.53,0.41,1.59,2.37,22.33%,60.29%,0.870

Sweaty_Clarence,57,43.86%,347.51,0.61,0.40,1.65,2.12,28.93%,51.33%,0.869

Pirates,83,42.17%,348.67,0.48,0.47,1.70,2.31,20.83%,51.63%,0.868

Hato,66,30.30%,252.94,0.56,0.48,1.65,2.17,25.87%,57.98%,0.868

yeatzy,209,48.80%,339.89,0.49,0.50,1.72,2.21,22.29%,49.40%,0.868

Azmo,113,37.17%,329.03,0.61,0.38,1.43,2.65,23.08%,58.03%,0.867

Dogu,102,45.10%,223.87,0.64,0.45,1.66,2.36,26.97%,56.35%,0.867

al0t,367,44.41%,258.70,0.62,0.46,1.28,2.54,24.49%,60.83%,0.867

zett,98,32.65%,310.29,0.62,0.41,1.22,2.72,22.85%,61.96%,0.866

davinsano,471,41.61%,340.59,0.48,0.52,1.58,2.16,22.18%,55.46%,0.866

zayn,80,50.00%,312.07,0.65,0.50,1.13,2.27,28.57%,51.40%,0.865

Jessie,98,40.82%,216.79,0.55,0.59,1.37,2.17,25.35%,57.73%,0.865

Dadooh,61,39.34%,222.30,0.59,0.49,1.34,2.48,23.84%,56.41%,0.865

Chr1s,122,45.08%,333.09,0.57,0.41,1.59,2.42,23.39%,54.84%,0.865

mel kin,113,45.13%,345.29,0.57,0.38,1.59,2.61,21.69%,55.15%,0.863

Alex161,106,37.74%,316.28,0.56,0.44,1.46,2.49,22.35%,59.89%,0.863

Scream,55,34.55%,326.98,0.44,0.55,1.38,2.58,16.90%,63.53%,0.860

Demo,61,39.34%,375.92,0.48,0.39,2.03,2.52,18.83%,55.21%,0.859

MummiSnow,63,42.86%,251.27,0.49,0.62,1.30,2.32,21.23%,61.95%,0.859

Roblah,84,39.29%,324.51,0.65,0.38,1.49,2.56,25.58%,57.62%,0.858

Nava,100,35.00%,321.49,0.44,0.63,1.45,2.10,20.95%,57.84%,0.858

Gian,182,50.55%,343.50,0.64,0.34,1.43,2.49,25.83%,53.13%,0.858

Cyrexal,155,47.74%,343.90,0.51,0.43,1.78,2.02,25.24%,50.52%,0.857

jauum,67,37.31%,345.30,0.57,0.43,1.42,2.31,24.52%,59.82%,0.855

Falss,117,44.44%,326.65,0.50,0.43,1.53,2.05,24.17%,51.67%,0.855

Rizzo,675,56.44%,282.00,0.55,0.53,1.39,2.44,22.67%,49.83%,0.854

lackstar.,73,53.42%,325.27,0.60,0.45,1.32,2.32,26.04%,55.00%,0.854

Kia,138,44.20%,259.46,0.58,0.54,1.32,2.38,24.39%,58.49%,0.854

Zensuz,64,42.19%,233.44,0.55,0.55,1.58,2.20,24.82%,56.00%,0.854

Kevin07,81,38.27%,333.52,0.64,0.32,1.38,2.30,27.96%,50.65%,0.854

fruity,411,49.64%,326.56,0.50,0.53,1.45,2.35,21.24%,54.37%,0.853

Pulga,108,27.78%,321.62,0.65,0.38,1.42,2.51,25.83%,56.06%,0.852

Tigreee,511,45.21%,334.54,0.52,0.43,1.61,2.39,21.60%,54.00%,0.852

Sadjunior,225,49.33%,220.91,0.60,0.55,1.30,2.42,24.77%,54.99%,0.850

SubHallz,260,41.54%,326.87,0.52,0.42,1.59,2.16,23.84%,55.71%,0.850

Allushin,675,51.56%,326.25,0.53,0.49,1.51,2.20,24.11%,53.84%,0.849

Remoter,82,47.56%,328.46,0.59,0.37,1.54,2.01,29.09%,53.79%,0.847

SnarfSnarf,102,47.06%,249.56,0.52,0.64,1.14,2.55,20.38%,59.30%,0.845

RuBiiX,83,40.96%,336.47,0.46,0.49,1.61,2.13,21.47%,57.25%,0.844

Garenn,74,37.84%,324.27,0.51,0.53,1.34,2.39,21.47%,58.33%,0.842

pagsi,75,42.67%,324.49,0.60,0.45,1.40,2.53,23.68%,49.38%,0.841

ZhearX,98,32.65%,310.65,0.55,0.47,1.29,2.61,21.09%,61.35%,0.841

PwnFlakes,62,43.55%,304.13,0.68,0.37,1.00,2.27,29.79%,50.39%,0.841

cyrix,126,45.24%,235.28,0.64,0.44,1.30,2.30,27.93%,53.97%,0.840

Ninja23509,181,37.02%,329.07,0.52,0.45,1.62,2.29,22.89%,54.97%,0.839

Timi,139,43.17%,228.67,0.58,0.49,1.29,2.43,23.96%,56.44%,0.838

Klassux,370,47.30%,250.95,0.58,0.49,1.34,2.53,23.08%,57.87%,0.838

Godsmilla,293,46.42%,331.37,0.51,0.45,1.49,2.64,19.40%,53.31%,0.838

DisLike,182,39.01%,333.54,0.51,0.41,1.63,2.22,22.77%,55.67%,0.838

Trex,52,23.08%,339.81,0.50,0.37,1.75,2.44,20.47%,53.57%,0.837

totothdt,73,38.36%,344.22,0.48,0.49,1.40,2.81,17.07%,58.68%,0.836

twistt,139,38.85%,345.75,0.46,0.40,1.95,2.15,21.40%,53.81%,0.836

Jkow,52,26.92%,335.60,0.56,0.44,1.37,2.46,22.66%,57.78%,0.835

Skyline,118,43.22%,255.97,0.57,0.45,1.56,2.52,22.56%,55.81%,0.835

airmac,57,36.84%,336.04,0.54,0.46,1.30,2.32,23.48%,58.76%,0.834

Moses,160,50.63%,216.91,0.53,0.53,1.53,2.17,24.21%,48.98%,0.834

Montyconnor,111,49.55%,226.62,0.50,0.63,1.29,2.23,22.27%,53.88%,0.831

OLPiX,84,61.90%,305.29,0.46,0.64,0.99,2.62,17.73%,44.93%,0.829

mappi,51,41.18%,289.63,0.57,0.55,0.94,2.31,24.58%,51.35%,0.828

Kryptos,179,48.04%,320.71,0.46,0.50,1.36,2.68,17.12%,53.75%,0.827

Addzey,106,38.68%,244.03,0.59,0.53,1.02,2.32,25.61%,57.77%,0.826

Monster442,57,35.09%,336.72,0.47,0.46,1.53,2.30,20.61%,53.54%,0.826

miztik,330,50.61%,262.02,0.54,0.53,1.42,2.41,22.39%,53.64%,0.826

0ver Zer0,64,53.13%,225.55,0.59,0.64,1.13,2.66,22.35%,51.30%,0.826

Satthew,200,45.00%,301.56,0.53,0.49,1.19,2.29,22.98%,57.18%,0.825

Derk,73,54.79%,284.18,0.55,0.49,1.19,2.08,26.32%,45.51%,0.825

Zukoe,163,42.94%,335.48,0.48,0.43,1.56,2.01,24.16%,53.41%,0.824

GaTox,76,42.11%,319.72,0.61,0.26,1.46,2.51,24.08%,49.25%,0.820

TyNotTyler,191,35.60%,298.21,0.50,0.41,1.55,2.53,19.63%,52.10%,0.816

Gonk,151,36.42%,312.78,0.44,0.54,1.33,2.17,20.12%,56.54%,0.814

Caleb,64,37.50%,309.31,0.50,0.39,1.27,2.33,21.48%,53.77%,0.813

Sebadam,139,41.73%,295.73,0.50,0.46,1.42,1.99,25.36%,53.82%,0.812

Roll Dizz,401,48.88%,318.20,0.54,0.37,1.39,2.27,23.63%,54.17%,0.812

Beastaboniam,345,50.14%,326.28,0.46,0.43,1.57,2.19,21.14%,50.91%,0.810

Zanejackey,270,47.41%,227.78,0.55,0.51,1.23,2.17,25.47%,55.75%,0.809

Kaizen,54,48.15%,324.17,0.46,0.44,1.59,2.31,20.00%,47.12%,0.809

Splashy,98,32.65%,327.13,0.46,0.43,1.74,2.31,19.91%,52.10%,0.809

Leviathan,111,47.75%,320.95,0.53,0.37,1.24,2.43,21.85%,51.28%,0.808

Lemonpuppy,92,36.96%,289.80,0.50,0.37,1.39,2.12,23.59%,55.94%,0.806

Pedrinho,277,40.07%,317.34,0.48,0.41,1.45,2.31,20.78%,55.63%,0.805

KyRo,96,38.54%,320.54,0.47,0.41,1.43,2.22,21.13%,52.50%,0.803

Rixy,59,40.68%,320.29,0.42,0.49,1.58,1.85,22.94%,46.15%,0.801

Rowen,56,55.36%,284.86,0.66,0.39,1.04,2.14,30.83%,43.38%,0.799

Rothie,62,35.48%,291.74,0.56,0.31,1.23,2.23,25.36%,48.21%,0.797

Manteca,133,32.33%,311.80,0.45,0.45,1.54,1.97,22.90%,54.55%,0.795

Chronic,56,42.86%,360.75,0.48,0.25,1.95,2.16,22.31%,46.59%,0.792

Scruffy,71,39.44%,272.99,0.54,0.38,1.34,1.93,27.74%,45.14%,0.782

Rezears,56,28.57%,329.59,0.45,0.39,1.45,2.02,22.12%,63.51%,0.778

JTW,59,40.68%,293.61,0.34,0.66,1.32,2.03,16.67%,46.46%,0.774

PLASMA,63,46.03%,314.38,0.46,0.51,1.33,1.87,24.58%,48.03%,0.771

RevogaS,77,28.57%,327.79,0.40,0.36,1.77,1.87,21.53%,56.73%,0.767

Caz,78,33.33%,320.19,0.40,0.41,1.42,2.94,13.54%,53.39%,0.766

Viiexn,89,38.20%,305.92,0.40,0.51,1.31,1.85,21.82%,57.04%,0.765

Vive,129,48.06%,268.19,0.52,0.40,1.16,2.12,24.54%,47.97%,0.764

Taingerz,60,26.67%,283.43,0.43,0.47,1.23,1.88,23.01%,50.94%,0.763

DudeWithTheNose,53,41.51%,341.81,0.38,0.32,2.08,1.51,25.00%,46.84%,0.760

Pluto,140,50.71%,209.39,0.47,0.49,1.36,1.90,24.81%,49.81%,0.758

sun_on_run,59,28.81%,245.92,0.53,0.46,0.98,1.71,30.69%,47.54%,0.757

Electro,103,43.69%,313.20,0.31,0.49,1.76,1.59,19.51%,48.81%,0.749

forty,70,45.71%,307.27,0.39,0.37,1.31,2.07,18.62%,48.62%,0.733

NaoKi,96,44.79%,291.25,0.35,0.48,1.30,1.97,17.99%,48.78%,0.728

Protomz,63,30.16%,322.38,0.35,0.30,1.65,2.22,15.71%,54.67%,0.697

Cal,63,34.92%,326.52,0.35,0.27,1.62,2.40,14.57%,41.05%,0.694

Haru,65,47.69%,283.35,0.38,0.40,1.34,1.77,21.74%,50.50%,0.693

Continuum,85,31.76%,203.76,0.44,0.33,1.45,1.92,22.70%,45.14%,0.687

Kevin,70,45.71%,288.27,0.39,0.33,1.24,1.96,19.71%,45.87%,0.656

Redi,105,28.57%,285.16,0.37,0.36,1.27,2.00,18.57%,50.99%,0.654

